iter	Logloss
0	0.4522238686
1	0.2907539513
2	0.1916083021
3	0.120915825
4	0.07881840584
5	0.05048643551
6	0.03147609762
7	0.02251523032
8	0.01457735975
